,How many people attended class?,Key Messages Success,Lesson Handouts Success,Lesson Rating,Lesson Title,Participant ID,Physical Health Measuring Success,Recipes Success,Teacher Script Success
0,28,2,5,3,ATOAH_1,Teacher_1,5,5,4
1,5,5,3,5,ATOAH_2,Teacher_2,5,1,1
2,37,5,4,3,ATOAH_3,Teacher_3,2,2,2
3,39,5,5,1,ATOAH_4,Teacher_4,4,4,3
4,14,1,1,3,ATOAH_5,Teacher_5,5,1,2
5,12,3,4,1,ATOAH_6,Teacher_6,4,5,2
6,10,4,5,1,ATOAH_7,Teacher_7,5,3,2
7,15,5,2,3,ATOAH_8,Teacher_8,1,3,5
8,9,3,5,2,ATOAH_9,Teacher_9,2,2,5
9,2,2,2,3,ATOAH_10,Teacher_10,4,3,5
10,15,3,4,2,ATOAH_11,Teacher_11,1,2,3
11,40,4,4,5,ATOAH_12,Teacher_12,1,1,2
12,26,4,5,4,ATOAH_13,Teacher_13,5,4,3
13,8,5,1,4,ATOAH_14,Teacher_14,1,5,1
14,10,3,4,1,ATOAH_15,Teacher_15,5,1,4
15,12,2,1,5,ATOAH_16,Teacher_16,5,5,4
16,26,4,4,2,ATOAH_17,Teacher_17,1,4,4
17,28,5,4,3,ATOAH_18,Teacher_18,3,5,5
18,35,2,1,1,ATOAH_19,Teacher_19,3,2,1
19,38,1,3,1,ATOAH_20,Teacher_20,1,2,3
20,41,5,3,1,ATOAH_21,Teacher_21,3,3,3
21,8,5,1,2,ATOAH_22,Teacher_22,3,2,5
22,11,5,3,3,ATOAH_23,Teacher_23,3,3,4
23,3,5,3,4,ATOAH_24,Teacher_24,4,1,4
24,20,3,3,3,ATOAH_25,Teacher_25,3,5,3
25,31,3,4,4,ATOAH_26,Teacher_26,1,3,4
26,27,5,5,4,ATOAH_27,Teacher_27,3,5,5
27,26,4,1,1,ATOAH_28,Teacher_28,1,1,2
28,6,3,2,2,ATOAH_29,Teacher_29,1,4,3
29,36,1,3,1,ATOAH_30,Teacher_30,5,1,3
30,7,2,5,4,ATOAH_31,Teacher_31,2,3,2
31,6,3,4,3,ATOAH_32,Teacher_32,1,3,2
32,23,1,5,4,ATOAH_33,Teacher_33,4,2,5
33,11,4,2,4,ATOAH_34,Teacher_34,3,5,4
34,18,4,3,4,ATOAH_35,Teacher_35,2,2,4
35,26,2,4,4,ATOAH_36,Teacher_36,3,2,4
36,38,5,2,2,ATOAH_37,Teacher_37,3,4,2
37,5,2,4,4,ATOAH_38,Teacher_38,3,2,3
38,13,4,5,5,ATOAH_39,Teacher_39,3,4,1
39,25,3,1,5,ATOAH_40,Teacher_40,2,3,1
40,25,3,2,3,ATOAH_41,Teacher_41,4,3,4
41,31,4,2,1,ATOAH_42,Teacher_42,3,2,5
42,9,1,2,5,ATOAH_43,Teacher_43,2,4,5
43,3,4,4,5,ATOAH_44,Teacher_44,1,3,5
44,23,5,2,5,ATOAH_45,Teacher_45,4,5,3
45,40,2,1,5,ATOAH_46,Teacher_46,3,3,4
46,30,2,2,3,ATOAH_47,Teacher_47,1,3,5
47,10,1,5,2,ATOAH_48,Teacher_48,2,2,4
48,26,5,5,5,ATOAH_49,Teacher_49,3,1,4
49,17,2,3,3,ATOAH_50,Teacher_50,3,1,2
50,41,3,4,1,ATOAH_51,Teacher_51,5,2,3
51,9,5,1,5,ATOAH_52,Teacher_52,1,3,5
52,29,2,2,2,ATOAH_53,Teacher_53,2,2,4
53,27,3,3,3,ATOAH_54,Teacher_54,4,2,1
54,26,5,2,3,ATOAH_55,Teacher_55,4,2,1
55,37,1,1,2,ATOAH_56,Teacher_56,1,3,1
56,8,4,1,3,ATOAH_57,Teacher_57,5,5,1
57,19,2,5,1,ATOAH_58,Teacher_58,3,5,4
58,37,3,1,3,ATOAH_59,Teacher_59,3,3,5
59,13,5,3,2,ATOAH_60,Teacher_60,3,4,4
60,30,1,5,2,ATOAH_61,Teacher_61,2,1,5
61,33,4,1,2,ATOAH_62,Teacher_62,5,5,3
62,19,1,2,3,ATOAH_63,Teacher_63,4,2,1
63,26,3,3,2,ATOAH_64,Teacher_64,3,1,1
64,39,1,4,5,ATOAH_65,Teacher_65,4,2,5
65,36,4,1,4,ATOAH_66,Teacher_66,3,4,5
66,9,5,2,4,ATOAH_67,Teacher_67,2,3,5
67,32,2,4,2,ATOAH_68,Teacher_68,1,4,3
68,31,3,1,3,ATOAH_69,Teacher_69,5,5,2
69,38,3,5,5,ATOAH_70,Teacher_70,3,1,1
70,18,1,5,4,ATOAH_71,Teacher_71,4,5,2
71,25,5,4,1,ATOAH_72,Teacher_72,4,5,4
72,26,3,1,5,ATOAH_73,Teacher_73,4,1,1
73,34,3,3,4,ATOAH_74,Teacher_74,4,1,5
74,5,5,1,2,ATOAH_75,Teacher_75,1,4,2
75,2,1,3,5,ATOAH_76,Teacher_76,3,4,4
76,19,2,2,3,ATOAH_77,Teacher_77,1,5,4
77,38,3,3,5,ATOAH_78,Teacher_78,4,2,3
78,28,5,1,2,ATOAH_79,Teacher_79,2,2,5
79,7,2,5,1,ATOAH_80,Teacher_80,3,3,3
80,25,2,2,4,ATOAH_81,Teacher_81,4,4,2
81,3,3,3,1,ATOAH_82,Teacher_82,3,5,3
82,37,5,4,1,ATOAH_83,Teacher_83,3,5,4
83,9,4,1,4,ATOAH_84,Teacher_84,1,1,5
84,8,4,2,5,ATOAH_85,Teacher_85,1,3,5
85,6,1,2,3,ATOAH_86,Teacher_86,3,5,1
86,17,3,3,1,ATOAH_87,Teacher_87,4,3,1
87,11,3,3,4,ATOAH_88,Teacher_88,5,2,5
88,26,4,3,4,ATOAH_89,Teacher_89,5,5,5
89,20,4,1,4,ATOAH_90,Teacher_90,5,4,5
90,32,2,4,3,ATOAH_91,Teacher_91,1,1,5
91,17,4,4,5,ATOAH_92,Teacher_92,1,2,5
92,28,4,3,4,ATOAH_93,Teacher_93,1,1,1
93,14,3,5,1,ATOAH_94,Teacher_94,3,1,3
94,38,2,2,4,ATOAH_95,Teacher_95,1,2,4
95,38,5,4,5,ATOAH_96,Teacher_96,2,2,5
96,24,4,2,5,ATOAH_97,Teacher_97,3,3,1
97,39,5,3,4,ATOAH_98,Teacher_98,1,4,1
98,27,4,4,3,ATOAH_99,Teacher_99,2,1,4
99,13,5,4,1,ATOAH_100,Teacher_100,5,5,5
