,Student Participant ID,Teacher Participant ID
0,1,Teacher_1
1,2,Teacher_1
2,3,Teacher_1
3,4,Teacher_1
4,5,Teacher_1
5,6,Teacher_1
6,7,Teacher_1
7,8,Teacher_1
8,9,Teacher_1
9,10,Teacher_1
10,11,Teacher_1
11,12,Teacher_1
12,13,Teacher_1
13,14,Teacher_1
14,15,Teacher_1
15,16,Teacher_1
16,17,Teacher_1
17,18,Teacher_1
18,19,Teacher_1
19,1,Teacher_2
20,1,Teacher_3
21,2,Teacher_3
22,3,Teacher_3
23,4,Teacher_3
24,5,Teacher_3
25,1,Teacher_4
26,2,Teacher_4
27,3,Teacher_4
28,4,Teacher_4
29,5,Teacher_4
30,6,Teacher_4
31,7,Teacher_4
32,8,Teacher_4
33,9,Teacher_4
34,10,Teacher_4
35,11,Teacher_4
36,12,Teacher_4
37,13,Teacher_4
38,14,Teacher_4
39,15,Teacher_4
40,1,Teacher_5
41,2,Teacher_5
42,3,Teacher_5
43,4,Teacher_5
44,5,Teacher_5
45,6,Teacher_5
46,7,Teacher_5
47,8,Teacher_5
48,1,Teacher_6
49,2,Teacher_6
50,3,Teacher_6
51,4,Teacher_6
52,5,Teacher_6
53,6,Teacher_6
54,7,Teacher_6
55,8,Teacher_6
56,9,Teacher_6
57,10,Teacher_6
58,11,Teacher_6
59,12,Teacher_6
60,13,Teacher_6
61,14,Teacher_6
62,15,Teacher_6
63,16,Teacher_6
64,17,Teacher_6
65,18,Teacher_6
66,19,Teacher_6
67,20,Teacher_6
68,21,Teacher_6
69,22,Teacher_6
70,23,Teacher_6
71,24,Teacher_6
72,25,Teacher_6
73,26,Teacher_6
74,1,Teacher_7
75,2,Teacher_7
76,3,Teacher_7
77,4,Teacher_7
78,5,Teacher_7
79,6,Teacher_7
80,7,Teacher_7
81,8,Teacher_7
82,9,Teacher_7
83,10,Teacher_7
84,11,Teacher_7
85,12,Teacher_7
86,13,Teacher_7
87,14,Teacher_7
88,15,Teacher_7
89,16,Teacher_7
90,17,Teacher_7
91,18,Teacher_7
92,19,Teacher_7
93,20,Teacher_7
94,21,Teacher_7
95,22,Teacher_7
96,23,Teacher_7
97,24,Teacher_7
98,25,Teacher_7
99,26,Teacher_7
100,27,Teacher_7
101,28,Teacher_7
102,29,Teacher_7
103,30,Teacher_7
104,31,Teacher_7
105,32,Teacher_7
106,33,Teacher_7
107,34,Teacher_7
108,35,Teacher_7
109,1,Teacher_8
110,2,Teacher_8
111,3,Teacher_8
112,4,Teacher_8
113,5,Teacher_8
114,6,Teacher_8
115,7,Teacher_8
116,8,Teacher_8
117,9,Teacher_8
118,1,Teacher_9
119,2,Teacher_9
120,3,Teacher_9
121,4,Teacher_9
122,5,Teacher_9
123,6,Teacher_9
124,7,Teacher_9
125,8,Teacher_9
126,9,Teacher_9
127,10,Teacher_9
128,11,Teacher_9
129,12,Teacher_9
130,13,Teacher_9
131,14,Teacher_9
132,1,Teacher_10
133,2,Teacher_10
134,3,Teacher_10
135,4,Teacher_10
136,5,Teacher_10
137,6,Teacher_10
138,7,Teacher_10
139,8,Teacher_10
140,9,Teacher_10
141,10,Teacher_10
142,11,Teacher_10
143,12,Teacher_10
144,13,Teacher_10
145,14,Teacher_10
146,15,Teacher_10
147,16,Teacher_10
148,17,Teacher_10
149,18,Teacher_10
150,19,Teacher_10
151,20,Teacher_10
152,21,Teacher_10
153,22,Teacher_10
154,23,Teacher_10
155,24,Teacher_10
156,25,Teacher_10
157,26,Teacher_10
158,27,Teacher_10
159,28,Teacher_10
160,29,Teacher_10
161,1,Teacher_11
162,2,Teacher_11
163,3,Teacher_11
164,4,Teacher_11
165,5,Teacher_11
166,6,Teacher_11
167,7,Teacher_11
168,8,Teacher_11
169,9,Teacher_11
170,10,Teacher_11
171,11,Teacher_11
172,12,Teacher_11
173,13,Teacher_11
174,14,Teacher_11
175,15,Teacher_11
176,16,Teacher_11
177,17,Teacher_11
178,18,Teacher_11
179,19,Teacher_11
180,20,Teacher_11
181,21,Teacher_11
182,22,Teacher_11
183,23,Teacher_11
184,24,Teacher_11
185,25,Teacher_11
186,26,Teacher_11
187,27,Teacher_11
188,28,Teacher_11
189,29,Teacher_11
190,30,Teacher_11
191,31,Teacher_11
192,32,Teacher_11
193,33,Teacher_11
194,34,Teacher_11
195,35,Teacher_11
196,36,Teacher_11
197,37,Teacher_11
198,38,Teacher_11
199,39,Teacher_11
200,40,Teacher_11
201,41,Teacher_11
202,1,Teacher_12
203,2,Teacher_12
204,3,Teacher_12
205,4,Teacher_12
206,5,Teacher_12
207,6,Teacher_12
208,7,Teacher_12
209,8,Teacher_12
210,1,Teacher_13
211,1,Teacher_14
212,2,Teacher_14
213,3,Teacher_14
214,4,Teacher_14
215,5,Teacher_14
216,6,Teacher_14
217,7,Teacher_14
218,8,Teacher_14
219,9,Teacher_14
220,10,Teacher_14
221,11,Teacher_14
222,12,Teacher_14
223,13,Teacher_14
224,14,Teacher_14
225,15,Teacher_14
226,16,Teacher_14
227,17,Teacher_14
228,18,Teacher_14
229,19,Teacher_14
230,20,Teacher_14
231,21,Teacher_14
232,22,Teacher_14
233,23,Teacher_14
234,24,Teacher_14
235,25,Teacher_14
236,26,Teacher_14
237,27,Teacher_14
238,28,Teacher_14
239,29,Teacher_14
240,30,Teacher_14
241,31,Teacher_14
242,32,Teacher_14
243,33,Teacher_14
244,34,Teacher_14
245,35,Teacher_14
246,36,Teacher_14
247,37,Teacher_14
248,38,Teacher_14
249,39,Teacher_14
250,40,Teacher_14
251,1,Teacher_15
252,2,Teacher_15
253,3,Teacher_15
254,4,Teacher_15
255,5,Teacher_15
256,6,Teacher_15
257,7,Teacher_15
258,8,Teacher_15
259,9,Teacher_15
260,10,Teacher_15
261,11,Teacher_15
262,12,Teacher_15
263,13,Teacher_15
264,14,Teacher_15
265,15,Teacher_15
266,16,Teacher_15
267,17,Teacher_15
268,18,Teacher_15
269,19,Teacher_15
270,20,Teacher_15
271,21,Teacher_15
272,22,Teacher_15
273,1,Teacher_16
274,2,Teacher_16
275,3,Teacher_16
276,4,Teacher_16
277,5,Teacher_16
278,6,Teacher_16
279,7,Teacher_16
280,8,Teacher_16
281,9,Teacher_16
282,10,Teacher_16
283,11,Teacher_16
284,12,Teacher_16
285,13,Teacher_16
286,14,Teacher_16
287,15,Teacher_16
288,16,Teacher_16
289,17,Teacher_16
290,18,Teacher_16
291,19,Teacher_16
292,20,Teacher_16
293,21,Teacher_16
294,22,Teacher_16
295,23,Teacher_16
296,24,Teacher_16
297,25,Teacher_16
298,26,Teacher_16
299,27,Teacher_16
300,28,Teacher_16
301,29,Teacher_16
302,30,Teacher_16
303,31,Teacher_16
304,32,Teacher_16
305,33,Teacher_16
306,34,Teacher_16
307,35,Teacher_16
308,1,Teacher_17
309,2,Teacher_17
310,3,Teacher_17
311,4,Teacher_17
312,5,Teacher_17
313,6,Teacher_17
314,7,Teacher_17
315,8,Teacher_17
316,9,Teacher_17
317,10,Teacher_17
318,11,Teacher_17
319,12,Teacher_17
320,13,Teacher_17
321,1,Teacher_18
322,1,Teacher_19
323,2,Teacher_19
324,3,Teacher_19
325,4,Teacher_19
326,5,Teacher_19
327,6,Teacher_19
328,7,Teacher_19
329,8,Teacher_19
330,9,Teacher_19
331,10,Teacher_19
332,11,Teacher_19
333,12,Teacher_19
334,13,Teacher_19
335,14,Teacher_19
336,15,Teacher_19
337,16,Teacher_19
338,17,Teacher_19
339,18,Teacher_19
340,19,Teacher_19
341,20,Teacher_19
342,21,Teacher_19
343,22,Teacher_19
344,23,Teacher_19
345,1,Teacher_20
346,2,Teacher_20
347,3,Teacher_20
348,4,Teacher_20
349,5,Teacher_20
350,6,Teacher_20
351,7,Teacher_20
352,8,Teacher_20
353,9,Teacher_20
354,10,Teacher_20
355,1,Teacher_21
356,2,Teacher_21
357,3,Teacher_21
358,4,Teacher_21
359,5,Teacher_21
360,6,Teacher_21
361,7,Teacher_21
362,8,Teacher_21
363,9,Teacher_21
364,10,Teacher_21
365,11,Teacher_21
366,12,Teacher_21
367,13,Teacher_21
368,14,Teacher_21
369,15,Teacher_21
370,16,Teacher_21
371,17,Teacher_21
372,18,Teacher_21
373,19,Teacher_21
374,20,Teacher_21
375,21,Teacher_21
376,22,Teacher_21
377,23,Teacher_21
378,1,Teacher_22
379,2,Teacher_22
380,3,Teacher_22
381,4,Teacher_22
382,5,Teacher_22
383,6,Teacher_22
384,7,Teacher_22
385,8,Teacher_22
386,9,Teacher_22
387,10,Teacher_22
388,11,Teacher_22
389,12,Teacher_22
390,13,Teacher_22
391,14,Teacher_22
392,15,Teacher_22
393,16,Teacher_22
394,17,Teacher_22
395,18,Teacher_22
396,19,Teacher_22
397,20,Teacher_22
398,21,Teacher_22
399,22,Teacher_22
400,23,Teacher_22
401,24,Teacher_22
402,25,Teacher_22
403,26,Teacher_22
404,27,Teacher_22
405,28,Teacher_22
406,29,Teacher_22
407,30,Teacher_22
408,31,Teacher_22
409,32,Teacher_22
410,33,Teacher_22
411,1,Teacher_23
412,2,Teacher_23
413,3,Teacher_23
414,4,Teacher_23
415,5,Teacher_23
416,6,Teacher_23
417,7,Teacher_23
418,8,Teacher_23
419,9,Teacher_23
420,10,Teacher_23
421,11,Teacher_23
422,1,Teacher_24
423,2,Teacher_24
424,3,Teacher_24
425,4,Teacher_24
426,5,Teacher_24
427,6,Teacher_24
428,7,Teacher_24
429,1,Teacher_25
430,2,Teacher_25
431,3,Teacher_25
432,4,Teacher_25
433,1,Teacher_26
434,2,Teacher_26
435,3,Teacher_26
436,4,Teacher_26
437,5,Teacher_26
438,6,Teacher_26
439,7,Teacher_26
440,1,Teacher_27
441,2,Teacher_27
442,3,Teacher_27
443,4,Teacher_27
444,5,Teacher_27
445,6,Teacher_27
446,1,Teacher_28
447,2,Teacher_28
448,3,Teacher_28
449,4,Teacher_28
450,5,Teacher_28
451,1,Teacher_29
452,2,Teacher_29
453,3,Teacher_29
454,4,Teacher_29
455,5,Teacher_29
456,6,Teacher_29
457,7,Teacher_29
458,8,Teacher_29
459,9,Teacher_29
460,10,Teacher_29
461,11,Teacher_29
462,12,Teacher_29
463,13,Teacher_29
464,14,Teacher_29
465,15,Teacher_29
466,16,Teacher_29
467,17,Teacher_29
468,18,Teacher_29
469,19,Teacher_29
470,20,Teacher_29
471,21,Teacher_29
472,22,Teacher_29
473,23,Teacher_29
474,24,Teacher_29
475,25,Teacher_29
476,26,Teacher_29
477,27,Teacher_29
478,28,Teacher_29
479,29,Teacher_29
480,30,Teacher_29
481,31,Teacher_29
482,32,Teacher_29
483,1,Teacher_30
484,2,Teacher_30
485,1,Teacher_31
486,2,Teacher_31
487,3,Teacher_31
488,4,Teacher_31
489,5,Teacher_31
490,6,Teacher_31
491,7,Teacher_31
492,8,Teacher_31
493,9,Teacher_31
494,10,Teacher_31
495,11,Teacher_31
496,12,Teacher_31
497,13,Teacher_31
498,14,Teacher_31
499,15,Teacher_31
500,16,Teacher_31
501,17,Teacher_31
502,18,Teacher_31
503,19,Teacher_31
504,20,Teacher_31
505,21,Teacher_31
506,22,Teacher_31
507,23,Teacher_31
508,24,Teacher_31
509,25,Teacher_31
510,1,Teacher_32
511,2,Teacher_32
512,3,Teacher_32
513,4,Teacher_32
514,5,Teacher_32
515,6,Teacher_32
516,7,Teacher_32
517,8,Teacher_32
518,9,Teacher_32
519,10,Teacher_32
520,11,Teacher_32
521,1,Teacher_33
522,2,Teacher_33
523,3,Teacher_33
524,4,Teacher_33
525,5,Teacher_33
526,6,Teacher_33
527,7,Teacher_33
528,8,Teacher_33
529,9,Teacher_33
530,10,Teacher_33
531,1,Teacher_34
532,2,Teacher_34
533,3,Teacher_34
534,4,Teacher_34
535,5,Teacher_34
536,6,Teacher_34
537,7,Teacher_34
538,8,Teacher_34
539,9,Teacher_34
540,10,Teacher_34
541,11,Teacher_34
542,12,Teacher_34
543,13,Teacher_34
544,1,Teacher_35
545,2,Teacher_35
546,3,Teacher_35
547,4,Teacher_35
548,5,Teacher_35
549,6,Teacher_35
550,7,Teacher_35
551,8,Teacher_35
552,9,Teacher_35
553,10,Teacher_35
554,1,Teacher_36
555,2,Teacher_36
556,3,Teacher_36
557,4,Teacher_36
558,5,Teacher_36
559,6,Teacher_36
560,7,Teacher_36
561,8,Teacher_36
562,9,Teacher_36
563,10,Teacher_36
564,1,Teacher_37
565,2,Teacher_37
566,3,Teacher_37
567,4,Teacher_37
568,5,Teacher_37
569,6,Teacher_37
570,7,Teacher_37
571,8,Teacher_37
572,9,Teacher_37
573,10,Teacher_37
574,11,Teacher_37
575,12,Teacher_37
576,13,Teacher_37
577,14,Teacher_37
578,15,Teacher_37
579,16,Teacher_37
580,17,Teacher_37
581,18,Teacher_37
582,19,Teacher_37
583,20,Teacher_37
584,21,Teacher_37
585,22,Teacher_37
586,1,Teacher_38
587,2,Teacher_38
588,3,Teacher_38
589,4,Teacher_38
590,5,Teacher_38
591,6,Teacher_38
592,7,Teacher_38
593,8,Teacher_38
594,9,Teacher_38
595,10,Teacher_38
596,11,Teacher_38
597,12,Teacher_38
598,13,Teacher_38
599,14,Teacher_38
600,15,Teacher_38
601,16,Teacher_38
602,17,Teacher_38
603,18,Teacher_38
604,19,Teacher_38
605,20,Teacher_38
606,21,Teacher_38
607,22,Teacher_38
608,23,Teacher_38
609,24,Teacher_38
610,25,Teacher_38
611,26,Teacher_38
612,27,Teacher_38
613,28,Teacher_38
614,1,Teacher_39
615,2,Teacher_39
616,3,Teacher_39
617,4,Teacher_39
618,1,Teacher_40
619,2,Teacher_40
620,3,Teacher_40
621,4,Teacher_40
622,5,Teacher_40
623,6,Teacher_40
624,7,Teacher_40
625,8,Teacher_40
626,9,Teacher_40
627,10,Teacher_40
628,11,Teacher_40
629,12,Teacher_40
630,13,Teacher_40
631,14,Teacher_40
632,15,Teacher_40
633,16,Teacher_40
634,17,Teacher_40
635,18,Teacher_40
636,19,Teacher_40
637,20,Teacher_40
638,21,Teacher_40
639,22,Teacher_40
640,23,Teacher_40
641,24,Teacher_40
642,25,Teacher_40
643,26,Teacher_40
644,27,Teacher_40
645,28,Teacher_40
646,29,Teacher_40
647,30,Teacher_40
648,31,Teacher_40
649,32,Teacher_40
650,1,Teacher_41
651,2,Teacher_41
652,3,Teacher_41
653,4,Teacher_41
654,5,Teacher_41
655,6,Teacher_41
656,7,Teacher_41
657,8,Teacher_41
658,9,Teacher_41
659,1,Teacher_42
660,2,Teacher_42
661,3,Teacher_42
662,4,Teacher_42
663,5,Teacher_42
664,6,Teacher_42
665,7,Teacher_42
666,8,Teacher_42
667,9,Teacher_42
668,10,Teacher_42
669,11,Teacher_42
670,12,Teacher_42
671,13,Teacher_42
672,1,Teacher_43
673,2,Teacher_43
674,3,Teacher_43
675,4,Teacher_43
676,5,Teacher_43
677,1,Teacher_44
678,2,Teacher_44
679,3,Teacher_44
680,4,Teacher_44
681,5,Teacher_44
682,6,Teacher_44
683,7,Teacher_44
684,8,Teacher_44
685,9,Teacher_44
686,10,Teacher_44
687,11,Teacher_44
688,12,Teacher_44
689,13,Teacher_44
690,14,Teacher_44
691,15,Teacher_44
692,16,Teacher_44
693,17,Teacher_44
694,18,Teacher_44
695,19,Teacher_44
696,20,Teacher_44
697,21,Teacher_44
698,22,Teacher_44
699,23,Teacher_44
700,1,Teacher_45
701,2,Teacher_45
702,3,Teacher_45
703,4,Teacher_45
704,5,Teacher_45
705,6,Teacher_45
706,7,Teacher_45
707,8,Teacher_45
708,9,Teacher_45
709,10,Teacher_45
710,11,Teacher_45
711,12,Teacher_45
712,13,Teacher_45
713,14,Teacher_45
714,15,Teacher_45
715,16,Teacher_45
716,17,Teacher_45
717,18,Teacher_45
718,19,Teacher_45
719,20,Teacher_45
720,21,Teacher_45
721,22,Teacher_45
722,23,Teacher_45
723,24,Teacher_45
724,25,Teacher_45
725,26,Teacher_45
726,27,Teacher_45
727,1,Teacher_46
728,2,Teacher_46
729,3,Teacher_46
730,4,Teacher_46
731,5,Teacher_46
732,6,Teacher_46
733,7,Teacher_46
734,8,Teacher_46
735,9,Teacher_46
736,10,Teacher_46
737,11,Teacher_46
738,12,Teacher_46
739,13,Teacher_46
740,14,Teacher_46
741,15,Teacher_46
742,16,Teacher_46
743,17,Teacher_46
744,18,Teacher_46
745,19,Teacher_46
746,1,Teacher_47
747,2,Teacher_47
748,3,Teacher_47
749,4,Teacher_47
750,5,Teacher_47
751,6,Teacher_47
752,7,Teacher_47
753,8,Teacher_47
754,9,Teacher_47
755,10,Teacher_47
756,11,Teacher_47
757,12,Teacher_47
758,13,Teacher_47
759,14,Teacher_47
760,15,Teacher_47
761,16,Teacher_47
762,17,Teacher_47
763,18,Teacher_47
764,19,Teacher_47
765,20,Teacher_47
766,21,Teacher_47
767,22,Teacher_47
768,23,Teacher_47
769,24,Teacher_47
770,1,Teacher_48
771,2,Teacher_48
772,3,Teacher_48
773,4,Teacher_48
774,5,Teacher_48
775,6,Teacher_48
776,7,Teacher_48
777,8,Teacher_48
778,9,Teacher_48
779,10,Teacher_48
780,11,Teacher_48
781,12,Teacher_48
782,13,Teacher_48
783,14,Teacher_48
784,15,Teacher_48
785,16,Teacher_48
786,17,Teacher_48
787,18,Teacher_48
788,19,Teacher_48
789,20,Teacher_48
790,21,Teacher_48
791,22,Teacher_48
792,1,Teacher_49
793,2,Teacher_49
794,3,Teacher_49
795,4,Teacher_49
796,5,Teacher_49
797,6,Teacher_49
798,7,Teacher_49
799,8,Teacher_49
800,9,Teacher_49
801,10,Teacher_49
802,11,Teacher_49
803,12,Teacher_49
804,13,Teacher_49
805,14,Teacher_49
806,15,Teacher_49
807,16,Teacher_49
808,17,Teacher_49
809,18,Teacher_49
810,19,Teacher_49
811,20,Teacher_49
812,21,Teacher_49
813,22,Teacher_49
814,23,Teacher_49
815,24,Teacher_49
816,25,Teacher_49
817,26,Teacher_49
818,27,Teacher_49
819,28,Teacher_49
820,29,Teacher_49
821,30,Teacher_49
822,31,Teacher_49
823,32,Teacher_49
824,33,Teacher_49
825,34,Teacher_49
826,35,Teacher_49
827,1,Teacher_50
828,2,Teacher_50
829,3,Teacher_50
830,4,Teacher_50
831,5,Teacher_50
832,6,Teacher_50
833,7,Teacher_50
834,8,Teacher_50
835,9,Teacher_50
836,10,Teacher_50
837,11,Teacher_50
838,12,Teacher_50
839,13,Teacher_50
840,14,Teacher_50
841,15,Teacher_50
842,16,Teacher_50
843,17,Teacher_50
844,18,Teacher_50
845,19,Teacher_50
846,20,Teacher_50
847,21,Teacher_50
848,1,Teacher_51
849,2,Teacher_51
850,3,Teacher_51
851,4,Teacher_51
852,5,Teacher_51
853,6,Teacher_51
854,7,Teacher_51
855,8,Teacher_51
856,9,Teacher_51
857,10,Teacher_51
858,11,Teacher_51
859,12,Teacher_51
860,13,Teacher_51
861,14,Teacher_51
862,15,Teacher_51
863,16,Teacher_51
864,17,Teacher_51
865,18,Teacher_51
866,19,Teacher_51
867,20,Teacher_51
868,21,Teacher_51
869,22,Teacher_51
870,23,Teacher_51
871,24,Teacher_51
872,25,Teacher_51
873,26,Teacher_51
874,27,Teacher_51
875,28,Teacher_51
876,29,Teacher_51
877,30,Teacher_51
878,31,Teacher_51
879,32,Teacher_51
880,33,Teacher_51
881,34,Teacher_51
882,35,Teacher_51
883,36,Teacher_51
884,37,Teacher_51
885,38,Teacher_51
886,39,Teacher_51
887,1,Teacher_52
888,2,Teacher_52
889,3,Teacher_52
890,4,Teacher_52
891,5,Teacher_52
892,6,Teacher_52
893,7,Teacher_52
894,8,Teacher_52
895,9,Teacher_52
896,10,Teacher_52
897,11,Teacher_52
898,12,Teacher_52
899,13,Teacher_52
900,14,Teacher_52
901,15,Teacher_52
902,16,Teacher_52
903,17,Teacher_52
904,18,Teacher_52
905,19,Teacher_52
906,20,Teacher_52
907,21,Teacher_52
908,22,Teacher_52
909,1,Teacher_53
910,2,Teacher_53
911,3,Teacher_53
912,4,Teacher_53
913,5,Teacher_53
914,6,Teacher_53
915,7,Teacher_53
916,8,Teacher_53
917,9,Teacher_53
918,10,Teacher_53
919,11,Teacher_53
920,12,Teacher_53
921,13,Teacher_53
922,14,Teacher_53
923,15,Teacher_53
924,16,Teacher_53
925,17,Teacher_53
926,18,Teacher_53
927,19,Teacher_53
928,20,Teacher_53
929,21,Teacher_53
930,22,Teacher_53
931,23,Teacher_53
932,24,Teacher_53
933,25,Teacher_53
934,26,Teacher_53
935,27,Teacher_53
936,28,Teacher_53
937,29,Teacher_53
938,1,Teacher_54
939,2,Teacher_54
940,3,Teacher_54
941,4,Teacher_54
942,5,Teacher_54
943,6,Teacher_54
944,7,Teacher_54
945,8,Teacher_54
946,9,Teacher_54
947,10,Teacher_54
948,11,Teacher_54
949,12,Teacher_54
950,13,Teacher_54
951,14,Teacher_54
952,15,Teacher_54
953,16,Teacher_54
954,17,Teacher_54
955,18,Teacher_54
956,19,Teacher_54
957,20,Teacher_54
958,21,Teacher_54
959,22,Teacher_54
960,23,Teacher_54
961,24,Teacher_54
962,25,Teacher_54
963,26,Teacher_54
964,27,Teacher_54
965,28,Teacher_54
966,29,Teacher_54
967,30,Teacher_54
968,1,Teacher_55
969,2,Teacher_55
970,3,Teacher_55
971,4,Teacher_55
972,5,Teacher_55
973,6,Teacher_55
974,7,Teacher_55
975,8,Teacher_55
976,9,Teacher_55
977,10,Teacher_55
978,11,Teacher_55
979,12,Teacher_55
980,13,Teacher_55
981,14,Teacher_55
982,15,Teacher_55
983,16,Teacher_55
984,17,Teacher_55
985,18,Teacher_55
986,19,Teacher_55
987,20,Teacher_55
988,21,Teacher_55
989,22,Teacher_55
990,23,Teacher_55
991,24,Teacher_55
992,25,Teacher_55
993,1,Teacher_56
994,2,Teacher_56
995,3,Teacher_56
996,4,Teacher_56
997,5,Teacher_56
998,6,Teacher_56
999,7,Teacher_56
1000,8,Teacher_56
1001,9,Teacher_56
1002,10,Teacher_56
1003,11,Teacher_56
1004,12,Teacher_56
1005,13,Teacher_56
1006,14,Teacher_56
1007,15,Teacher_56
1008,16,Teacher_56
1009,17,Teacher_56
1010,18,Teacher_56
1011,19,Teacher_56
1012,20,Teacher_56
1013,21,Teacher_56
1014,22,Teacher_56
1015,23,Teacher_56
1016,24,Teacher_56
1017,25,Teacher_56
1018,26,Teacher_56
1019,27,Teacher_56
1020,28,Teacher_56
1021,29,Teacher_56
1022,30,Teacher_56
1023,31,Teacher_56
1024,32,Teacher_56
1025,33,Teacher_56
1026,34,Teacher_56
1027,35,Teacher_56
1028,36,Teacher_56
1029,37,Teacher_56
1030,38,Teacher_56
1031,39,Teacher_56
1032,40,Teacher_56
1033,41,Teacher_56
1034,1,Teacher_57
1035,2,Teacher_57
1036,3,Teacher_57
1037,4,Teacher_57
1038,5,Teacher_57
1039,6,Teacher_57
1040,7,Teacher_57
1041,1,Teacher_58
1042,2,Teacher_58
1043,3,Teacher_58
1044,1,Teacher_59
1045,2,Teacher_59
1046,3,Teacher_59
1047,4,Teacher_59
1048,5,Teacher_59
1049,6,Teacher_59
1050,7,Teacher_59
1051,8,Teacher_59
1052,9,Teacher_59
1053,10,Teacher_59
1054,11,Teacher_59
1055,12,Teacher_59
1056,13,Teacher_59
1057,14,Teacher_59
1058,15,Teacher_59
1059,16,Teacher_59
1060,17,Teacher_59
1061,18,Teacher_59
1062,19,Teacher_59
1063,20,Teacher_59
1064,21,Teacher_59
1065,22,Teacher_59
1066,23,Teacher_59
1067,24,Teacher_59
1068,25,Teacher_59
1069,26,Teacher_59
1070,27,Teacher_59
1071,28,Teacher_59
1072,1,Teacher_60
1073,2,Teacher_60
1074,3,Teacher_60
1075,4,Teacher_60
1076,5,Teacher_60
1077,6,Teacher_60
1078,7,Teacher_60
1079,8,Teacher_60
1080,9,Teacher_60
1081,10,Teacher_60
1082,11,Teacher_60
1083,12,Teacher_60
1084,13,Teacher_60
1085,14,Teacher_60
1086,15,Teacher_60
1087,16,Teacher_60
1088,17,Teacher_60
1089,18,Teacher_60
1090,19,Teacher_60
1091,20,Teacher_60
1092,21,Teacher_60
1093,22,Teacher_60
1094,23,Teacher_60
1095,24,Teacher_60
1096,25,Teacher_60
1097,26,Teacher_60
1098,27,Teacher_60
1099,28,Teacher_60
1100,29,Teacher_60
1101,30,Teacher_60
1102,31,Teacher_60
1103,32,Teacher_60
1104,33,Teacher_60
1105,34,Teacher_60
1106,35,Teacher_60
1107,36,Teacher_60
1108,37,Teacher_60
1109,38,Teacher_60
1110,1,Teacher_61
1111,2,Teacher_61
1112,3,Teacher_61
1113,4,Teacher_61
1114,5,Teacher_61
1115,6,Teacher_61
1116,7,Teacher_61
1117,8,Teacher_61
1118,9,Teacher_61
1119,10,Teacher_61
1120,11,Teacher_61
1121,12,Teacher_61
1122,13,Teacher_61
1123,14,Teacher_61
1124,15,Teacher_61
1125,16,Teacher_61
1126,1,Teacher_62
1127,2,Teacher_62
1128,3,Teacher_62
1129,4,Teacher_62
1130,5,Teacher_62
1131,6,Teacher_62
1132,7,Teacher_62
1133,8,Teacher_62
1134,9,Teacher_62
1135,10,Teacher_62
1136,11,Teacher_62
1137,12,Teacher_62
1138,13,Teacher_62
1139,14,Teacher_62
1140,15,Teacher_62
1141,16,Teacher_62
1142,17,Teacher_62
1143,18,Teacher_62
1144,19,Teacher_62
1145,20,Teacher_62
1146,21,Teacher_62
1147,22,Teacher_62
1148,23,Teacher_62
1149,24,Teacher_62
1150,25,Teacher_62
1151,26,Teacher_62
1152,27,Teacher_62
1153,28,Teacher_62
1154,29,Teacher_62
1155,30,Teacher_62
1156,31,Teacher_62
1157,1,Teacher_63
1158,2,Teacher_63
1159,3,Teacher_63
1160,4,Teacher_63
1161,1,Teacher_64
1162,2,Teacher_64
1163,3,Teacher_64
1164,4,Teacher_64
1165,5,Teacher_64
1166,1,Teacher_65
1167,2,Teacher_65
1168,3,Teacher_65
1169,4,Teacher_65
1170,5,Teacher_65
1171,6,Teacher_65
1172,7,Teacher_65
1173,8,Teacher_65
1174,9,Teacher_65
1175,10,Teacher_65
1176,11,Teacher_65
1177,12,Teacher_65
1178,13,Teacher_65
1179,14,Teacher_65
1180,15,Teacher_65
1181,16,Teacher_65
1182,17,Teacher_65
1183,18,Teacher_65
1184,19,Teacher_65
1185,20,Teacher_65
1186,21,Teacher_65
1187,22,Teacher_65
1188,23,Teacher_65
1189,24,Teacher_65
1190,25,Teacher_65
1191,26,Teacher_65
1192,27,Teacher_65
1193,28,Teacher_65
1194,29,Teacher_65
1195,30,Teacher_65
1196,31,Teacher_65
1197,32,Teacher_65
1198,33,Teacher_65
1199,34,Teacher_65
1200,1,Teacher_66
1201,2,Teacher_66
1202,3,Teacher_66
1203,4,Teacher_66
1204,5,Teacher_66
1205,6,Teacher_66
1206,7,Teacher_66
1207,8,Teacher_66
1208,9,Teacher_66
1209,10,Teacher_66
1210,11,Teacher_66
1211,12,Teacher_66
1212,13,Teacher_66
1213,14,Teacher_66
1214,15,Teacher_66
1215,16,Teacher_66
1216,17,Teacher_66
1217,18,Teacher_66
1218,19,Teacher_66
1219,20,Teacher_66
1220,21,Teacher_66
1221,22,Teacher_66
1222,23,Teacher_66
1223,24,Teacher_66
1224,25,Teacher_66
1225,26,Teacher_66
1226,27,Teacher_66
1227,28,Teacher_66
1228,29,Teacher_66
1229,30,Teacher_66
1230,31,Teacher_66
1231,32,Teacher_66
1232,33,Teacher_66
1233,1,Teacher_67
1234,2,Teacher_67
1235,3,Teacher_67
1236,4,Teacher_67
1237,5,Teacher_67
1238,6,Teacher_67
1239,7,Teacher_67
1240,8,Teacher_67
1241,9,Teacher_67
1242,10,Teacher_67
1243,11,Teacher_67
1244,12,Teacher_67
1245,13,Teacher_67
1246,14,Teacher_67
1247,15,Teacher_67
1248,16,Teacher_67
1249,17,Teacher_67
1250,18,Teacher_67
1251,19,Teacher_67
1252,1,Teacher_68
1253,2,Teacher_68
1254,3,Teacher_68
1255,4,Teacher_68
1256,1,Teacher_69
1257,2,Teacher_69
1258,3,Teacher_69
1259,4,Teacher_69
1260,5,Teacher_69
1261,6,Teacher_69
1262,7,Teacher_69
1263,8,Teacher_69
1264,9,Teacher_69
1265,10,Teacher_69
1266,11,Teacher_69
1267,12,Teacher_69
1268,1,Teacher_70
1269,2,Teacher_70
1270,3,Teacher_70
1271,4,Teacher_70
1272,5,Teacher_70
1273,6,Teacher_70
1274,7,Teacher_70
1275,8,Teacher_70
1276,9,Teacher_70
1277,10,Teacher_70
1278,11,Teacher_70
1279,12,Teacher_70
1280,13,Teacher_70
1281,14,Teacher_70
1282,15,Teacher_70
1283,16,Teacher_70
1284,17,Teacher_70
1285,18,Teacher_70
1286,19,Teacher_70
1287,20,Teacher_70
1288,21,Teacher_70
1289,22,Teacher_70
1290,23,Teacher_70
1291,24,Teacher_70
1292,25,Teacher_70
1293,26,Teacher_70
1294,27,Teacher_70
1295,28,Teacher_70
1296,29,Teacher_70
1297,1,Teacher_71
1298,2,Teacher_71
1299,3,Teacher_71
1300,4,Teacher_71
1301,5,Teacher_71
1302,6,Teacher_71
1303,7,Teacher_71
1304,8,Teacher_71
1305,9,Teacher_71
1306,10,Teacher_71
1307,11,Teacher_71
1308,12,Teacher_71
1309,13,Teacher_71
1310,14,Teacher_71
1311,1,Teacher_72
1312,2,Teacher_72
1313,3,Teacher_72
1314,4,Teacher_72
1315,5,Teacher_72
1316,6,Teacher_72
1317,7,Teacher_72
1318,8,Teacher_72
1319,9,Teacher_72
1320,10,Teacher_72
1321,11,Teacher_72
1322,12,Teacher_72
1323,13,Teacher_72
1324,14,Teacher_72
1325,15,Teacher_72
1326,16,Teacher_72
1327,17,Teacher_72
1328,18,Teacher_72
1329,19,Teacher_72
1330,20,Teacher_72
1331,21,Teacher_72
1332,22,Teacher_72
1333,23,Teacher_72
1334,24,Teacher_72
1335,25,Teacher_72
1336,26,Teacher_72
1337,27,Teacher_72
1338,28,Teacher_72
1339,1,Teacher_73
1340,2,Teacher_73
1341,3,Teacher_73
1342,4,Teacher_73
1343,1,Teacher_74
1344,2,Teacher_74
1345,3,Teacher_74
1346,4,Teacher_74
1347,5,Teacher_74
1348,6,Teacher_74
1349,7,Teacher_74
1350,8,Teacher_74
1351,9,Teacher_74
1352,10,Teacher_74
1353,11,Teacher_74
1354,12,Teacher_74
1355,13,Teacher_74
1356,14,Teacher_74
1357,15,Teacher_74
1358,16,Teacher_74
1359,17,Teacher_74
1360,18,Teacher_74
1361,19,Teacher_74
1362,20,Teacher_74
1363,1,Teacher_75
1364,2,Teacher_75
1365,3,Teacher_75
1366,4,Teacher_75
1367,5,Teacher_75
1368,6,Teacher_75
1369,7,Teacher_75
1370,8,Teacher_75
1371,9,Teacher_75
1372,10,Teacher_75
1373,11,Teacher_75
1374,12,Teacher_75
1375,13,Teacher_75
1376,14,Teacher_75
1377,15,Teacher_75
1378,16,Teacher_75
1379,17,Teacher_75
1380,18,Teacher_75
1381,19,Teacher_75
1382,20,Teacher_75
1383,21,Teacher_75
1384,22,Teacher_75
1385,23,Teacher_75
1386,24,Teacher_75
1387,25,Teacher_75
1388,26,Teacher_75
1389,27,Teacher_75
1390,28,Teacher_75
1391,29,Teacher_75
1392,30,Teacher_75
1393,31,Teacher_75
1394,32,Teacher_75
1395,33,Teacher_75
1396,34,Teacher_75
1397,35,Teacher_75
1398,36,Teacher_75
1399,37,Teacher_75
1400,38,Teacher_75
1401,39,Teacher_75
1402,40,Teacher_75
1403,41,Teacher_75
1404,1,Teacher_76
1405,2,Teacher_76
1406,3,Teacher_76
1407,4,Teacher_76
1408,5,Teacher_76
1409,6,Teacher_76
1410,7,Teacher_76
1411,8,Teacher_76
1412,9,Teacher_76
1413,10,Teacher_76
1414,11,Teacher_76
1415,12,Teacher_76
1416,13,Teacher_76
1417,14,Teacher_76
1418,15,Teacher_76
1419,16,Teacher_76
1420,17,Teacher_76
1421,18,Teacher_76
1422,19,Teacher_76
1423,1,Teacher_77
1424,2,Teacher_77
1425,1,Teacher_78
1426,2,Teacher_78
1427,3,Teacher_78
1428,4,Teacher_78
1429,5,Teacher_78
1430,6,Teacher_78
1431,7,Teacher_78
1432,8,Teacher_78
1433,9,Teacher_78
1434,10,Teacher_78
1435,11,Teacher_78
1436,12,Teacher_78
1437,13,Teacher_78
1438,14,Teacher_78
1439,15,Teacher_78
1440,16,Teacher_78
1441,17,Teacher_78
1442,18,Teacher_78
1443,19,Teacher_78
1444,20,Teacher_78
1445,21,Teacher_78
1446,22,Teacher_78
1447,23,Teacher_78
1448,24,Teacher_78
1449,25,Teacher_78
1450,26,Teacher_78
1451,27,Teacher_78
1452,28,Teacher_78
1453,29,Teacher_78
1454,30,Teacher_78
1455,31,Teacher_78
1456,32,Teacher_78
1457,33,Teacher_78
1458,34,Teacher_78
1459,1,Teacher_79
1460,2,Teacher_79
1461,3,Teacher_79
1462,4,Teacher_79
1463,5,Teacher_79
1464,6,Teacher_79
1465,7,Teacher_79
1466,8,Teacher_79
1467,9,Teacher_79
1468,10,Teacher_79
1469,11,Teacher_79
1470,12,Teacher_79
1471,13,Teacher_79
1472,14,Teacher_79
1473,15,Teacher_79
1474,16,Teacher_79
1475,17,Teacher_79
1476,18,Teacher_79
1477,19,Teacher_79
1478,20,Teacher_79
1479,21,Teacher_79
1480,22,Teacher_79
1481,23,Teacher_79
1482,24,Teacher_79
1483,25,Teacher_79
1484,26,Teacher_79
1485,27,Teacher_79
1486,1,Teacher_80
1487,2,Teacher_80
1488,3,Teacher_80
1489,4,Teacher_80
1490,5,Teacher_80
1491,6,Teacher_80
1492,7,Teacher_80
1493,8,Teacher_80
1494,9,Teacher_80
1495,10,Teacher_80
1496,11,Teacher_80
1497,12,Teacher_80
1498,13,Teacher_80
1499,14,Teacher_80
1500,15,Teacher_80
1501,16,Teacher_80
1502,17,Teacher_80
1503,18,Teacher_80
1504,19,Teacher_80
1505,20,Teacher_80
1506,21,Teacher_80
1507,22,Teacher_80
1508,23,Teacher_80
1509,24,Teacher_80
1510,25,Teacher_80
1511,26,Teacher_80
1512,27,Teacher_80
1513,28,Teacher_80
1514,1,Teacher_81
1515,2,Teacher_81
1516,3,Teacher_81
1517,4,Teacher_81
1518,5,Teacher_81
1519,6,Teacher_81
1520,7,Teacher_81
1521,8,Teacher_81
1522,9,Teacher_81
1523,10,Teacher_81
1524,11,Teacher_81
1525,12,Teacher_81
1526,13,Teacher_81
1527,14,Teacher_81
1528,15,Teacher_81
1529,16,Teacher_81
1530,17,Teacher_81
1531,18,Teacher_81
1532,19,Teacher_81
1533,1,Teacher_82
1534,2,Teacher_82
1535,3,Teacher_82
1536,4,Teacher_82
1537,5,Teacher_82
1538,6,Teacher_82
1539,7,Teacher_82
1540,8,Teacher_82
1541,9,Teacher_82
1542,10,Teacher_82
1543,11,Teacher_82
1544,12,Teacher_82
1545,13,Teacher_82
1546,14,Teacher_82
1547,15,Teacher_82
1548,16,Teacher_82
1549,17,Teacher_82
1550,18,Teacher_82
1551,19,Teacher_82
1552,20,Teacher_82
1553,21,Teacher_82
1554,22,Teacher_82
1555,23,Teacher_82
1556,24,Teacher_82
1557,1,Teacher_83
1558,2,Teacher_83
1559,3,Teacher_83
1560,4,Teacher_83
1561,5,Teacher_83
1562,6,Teacher_83
1563,7,Teacher_83
1564,8,Teacher_83
1565,9,Teacher_83
1566,10,Teacher_83
1567,1,Teacher_84
1568,2,Teacher_84
1569,3,Teacher_84
1570,4,Teacher_84
1571,5,Teacher_84
1572,1,Teacher_85
1573,2,Teacher_85
1574,3,Teacher_85
1575,1,Teacher_86
1576,2,Teacher_86
1577,3,Teacher_86
1578,4,Teacher_86
1579,5,Teacher_86
1580,6,Teacher_86
1581,7,Teacher_86
1582,8,Teacher_86
1583,9,Teacher_86
1584,10,Teacher_86
1585,11,Teacher_86
1586,12,Teacher_86
1587,1,Teacher_87
1588,2,Teacher_87
1589,3,Teacher_87
1590,4,Teacher_87
1591,5,Teacher_87
1592,6,Teacher_87
1593,7,Teacher_87
1594,8,Teacher_87
1595,9,Teacher_87
1596,10,Teacher_87
1597,11,Teacher_87
1598,12,Teacher_87
1599,13,Teacher_87
1600,14,Teacher_87
1601,15,Teacher_87
1602,16,Teacher_87
1603,17,Teacher_87
1604,18,Teacher_87
1605,19,Teacher_87
1606,20,Teacher_87
1607,21,Teacher_87
1608,22,Teacher_87
1609,23,Teacher_87
1610,24,Teacher_87
1611,25,Teacher_87
1612,26,Teacher_87
1613,27,Teacher_87
1614,28,Teacher_87
1615,29,Teacher_87
1616,30,Teacher_87
1617,31,Teacher_87
1618,32,Teacher_87
1619,33,Teacher_87
1620,34,Teacher_87
1621,35,Teacher_87
1622,36,Teacher_87
1623,37,Teacher_87
1624,38,Teacher_87
1625,1,Teacher_88
1626,2,Teacher_88
1627,3,Teacher_88
1628,4,Teacher_88
1629,1,Teacher_89
1630,2,Teacher_89
1631,3,Teacher_89
1632,4,Teacher_89
1633,5,Teacher_89
1634,6,Teacher_89
1635,7,Teacher_89
1636,8,Teacher_89
1637,9,Teacher_89
1638,10,Teacher_89
1639,11,Teacher_89
1640,12,Teacher_89
1641,13,Teacher_89
1642,14,Teacher_89
1643,15,Teacher_89
1644,16,Teacher_89
1645,17,Teacher_89
1646,18,Teacher_89
1647,19,Teacher_89
1648,20,Teacher_89
1649,21,Teacher_89
1650,22,Teacher_89
1651,23,Teacher_89
1652,24,Teacher_89
1653,25,Teacher_89
1654,26,Teacher_89
1655,27,Teacher_89
1656,28,Teacher_89
1657,29,Teacher_89
1658,30,Teacher_89
1659,31,Teacher_89
1660,32,Teacher_89
1661,33,Teacher_89
1662,34,Teacher_89
1663,35,Teacher_89
1664,36,Teacher_89
1665,1,Teacher_90
1666,2,Teacher_90
1667,3,Teacher_90
1668,4,Teacher_90
1669,5,Teacher_90
1670,6,Teacher_90
1671,1,Teacher_91
1672,2,Teacher_91
1673,3,Teacher_91
1674,4,Teacher_91
1675,5,Teacher_91
1676,6,Teacher_91
1677,7,Teacher_91
1678,8,Teacher_91
1679,9,Teacher_91
1680,10,Teacher_91
1681,11,Teacher_91
1682,12,Teacher_91
1683,13,Teacher_91
1684,14,Teacher_91
1685,15,Teacher_91
1686,16,Teacher_91
1687,1,Teacher_92
1688,2,Teacher_92
1689,3,Teacher_92
1690,4,Teacher_92
1691,1,Teacher_93
1692,2,Teacher_93
1693,3,Teacher_93
1694,4,Teacher_93
1695,5,Teacher_93
1696,6,Teacher_93
1697,7,Teacher_93
1698,8,Teacher_93
1699,9,Teacher_93
1700,10,Teacher_93
1701,11,Teacher_93
1702,12,Teacher_93
1703,13,Teacher_93
1704,14,Teacher_93
1705,15,Teacher_93
1706,16,Teacher_93
1707,17,Teacher_93
1708,18,Teacher_93
1709,19,Teacher_93
1710,20,Teacher_93
1711,21,Teacher_93
1712,22,Teacher_93
1713,23,Teacher_93
1714,24,Teacher_93
1715,25,Teacher_93
1716,26,Teacher_93
1717,27,Teacher_93
1718,28,Teacher_93
1719,29,Teacher_93
1720,1,Teacher_94
1721,2,Teacher_94
1722,3,Teacher_94
1723,4,Teacher_94
1724,5,Teacher_94
1725,6,Teacher_94
1726,7,Teacher_94
1727,8,Teacher_94
1728,9,Teacher_94
1729,10,Teacher_94
1730,11,Teacher_94
1731,12,Teacher_94
1732,13,Teacher_94
1733,14,Teacher_94
1734,15,Teacher_94
1735,16,Teacher_94
1736,17,Teacher_94
1737,18,Teacher_94
1738,19,Teacher_94
1739,20,Teacher_94
1740,1,Teacher_95
1741,2,Teacher_95
1742,3,Teacher_95
1743,4,Teacher_95
1744,1,Teacher_96
1745,2,Teacher_96
1746,3,Teacher_96
1747,4,Teacher_96
1748,5,Teacher_96
1749,6,Teacher_96
1750,7,Teacher_96
1751,8,Teacher_96
1752,9,Teacher_96
1753,10,Teacher_96
1754,11,Teacher_96
1755,12,Teacher_96
1756,13,Teacher_96
1757,14,Teacher_96
1758,15,Teacher_96
1759,16,Teacher_96
1760,17,Teacher_96
1761,18,Teacher_96
1762,19,Teacher_96
1763,20,Teacher_96
1764,21,Teacher_96
1765,22,Teacher_96
1766,23,Teacher_96
1767,24,Teacher_96
1768,25,Teacher_96
1769,26,Teacher_96
1770,1,Teacher_97
1771,2,Teacher_97
1772,3,Teacher_97
1773,4,Teacher_97
1774,5,Teacher_97
1775,1,Teacher_98
1776,2,Teacher_98
1777,3,Teacher_98
1778,4,Teacher_98
1779,5,Teacher_98
1780,6,Teacher_98
1781,7,Teacher_98
1782,8,Teacher_98
1783,9,Teacher_98
1784,10,Teacher_98
1785,11,Teacher_98
1786,12,Teacher_98
1787,13,Teacher_98
1788,14,Teacher_98
1789,15,Teacher_98
1790,16,Teacher_98
1791,1,Teacher_99
1792,2,Teacher_99
1793,3,Teacher_99
1794,4,Teacher_99
1795,5,Teacher_99
1796,6,Teacher_99
1797,7,Teacher_99
1798,8,Teacher_99
1799,9,Teacher_99
1800,10,Teacher_99
1801,11,Teacher_99
1802,12,Teacher_99
1803,13,Teacher_99
1804,14,Teacher_99
1805,15,Teacher_99
1806,16,Teacher_99
1807,17,Teacher_99
1808,18,Teacher_99
1809,19,Teacher_99
1810,20,Teacher_99
1811,21,Teacher_99
1812,22,Teacher_99
1813,23,Teacher_99
1814,24,Teacher_99
1815,25,Teacher_99
1816,26,Teacher_99
1817,27,Teacher_99
1818,28,Teacher_99
1819,29,Teacher_99
1820,30,Teacher_99
1821,31,Teacher_99
1822,32,Teacher_99
1823,1,Teacher_100
1824,2,Teacher_100
1825,3,Teacher_100
1826,4,Teacher_100
1827,5,Teacher_100
1828,6,Teacher_100
1829,7,Teacher_100
1830,8,Teacher_100
1831,9,Teacher_100
1832,10,Teacher_100
1833,11,Teacher_100
1834,12,Teacher_100
1835,13,Teacher_100
1836,14,Teacher_100
1837,15,Teacher_100
1838,16,Teacher_100
1839,17,Teacher_100
1840,18,Teacher_100
1841,19,Teacher_100
1842,20,Teacher_100
1843,21,Teacher_100
1844,22,Teacher_100
1845,23,Teacher_100
